[{"ID":"5fb55a3830b4ec8bbd260370","Identifier":"精选","Subject":{"Chinese":"精选","English":"Featured","ChineseTraditional":"精選","German":null,"French":null,"Japanese":null,"Italian":null,"Polish":null,"Spanish":"Destacado","Ukrainian":null},"Tips":null,"ModeratorTips":null,"Available":false,"Flags":["Model","Experiment","Discussion","Immutable"],"Conflicts":["精选申请"]},{"ID":"5fb55a3830b4ec8bbd260372","Identifier":"精选申请","Subject":{"Chinese":"精选申请","English":"Apply for Feature","ChineseTraditional":"精選申請","German":null,"French":null,"Japanese":null,"Italian":null,"Polish":null,"Spanish":"Solicitar ser Destacado","Ukrainian":null},"Tips":null,"ModeratorTips":null,"Available":false,"Flags":["Model","Experiment","Discussion"],"Conflicts":["问与答","聊天","BUG"]},{"ID":"5fb55a3830b4ec8bbd260374","Identifier":"公告","Subject":{"Chinese":"管理公告","English":"Announcement","ChineseTraditional":"管理公告","German":null,"French":null,"Japanese":null,"Italian":null,"Polish":null,"Spanish":"Anuncio","Ukrainian":null},"Tips":null,"ModeratorTips":null,"Available":false,"Flags":["Discussion","Editor"],"Conflicts":[]},{"ID":"5fb55a3830b4ec8bbd260376","Identifier":"游戏","Subject":{"Chinese":"游戏","English":"Game","ChineseTraditional":null,"German":null,"French":null,"Japanese":null,"Italian":null,"Polish":null,"Spanish":"Juego","Ukrainian":null},"Tips":null,"ModeratorTips":null,"Available":false,"Flags":["Model","Experiment","Discussion"],"Conflicts":[]},{"ID":"5fb55a3830b4ec8bbd260378","Identifier":"探索","Subject":{"Chinese":"探索","English":"Exploration","ChineseTraditional":null,"German":null,"French":null,"Japanese":null,"Italian":null,"Polish":null,"Spanish":"Exploración","Ukrainian":null},"Tips":null,"ModeratorTips":null,"Available":false,"Flags":["Experiment","Discussion"],"Conflicts":[]},{"ID":"5fb55a3930b4ec8bbd26037a","Identifier":"交互","Subject":{"Chinese":"交互","English":"Interaction","ChineseTraditional":null,"German":null,"French":null,"Japanese":null,"Italian":null,"Polish":null,"Spanish":"Interacción","Ukrainian":null},"Tips":null,"ModeratorTips":null,"Available":false,"Flags":["Experiment","Discussion"],"Conflicts":[]},{"ID":"5fb55a3930b4ec8bbd26037c","Identifier":"展示","Subject":{"Chinese":"展示","English":"Presentation","ChineseTraditional":null,"German":null,"French":null,"Japanese":null,"Italian":null,"Polish":null,"Spanish":null,"Ukrainian":null},"Tips":null,"ModeratorTips":null,"Available":false,"Flags":["Experiment"],"Conflicts":[]},{"ID":"5fb55a3930b4ec8bbd26037e","Identifier":"改进","Subject":{"Chinese":"改进","English":"Improvement","ChineseTraditional":null,"German":null,"French":null,"Japanese":null,"Italian":null,"Polish":null,"Spanish":"Una Mejora","Ukrainian":null},"Tips":null,"ModeratorTips":null,"Available":false,"Flags":["Experiment","Discussion"],"Conflicts":[]},{"ID":"5fb55a3930b4ec8bbd260382","Identifier":"知识库","Subject":{"Chinese":"知识库","English":"Knowledge Base","ChineseTraditional":null,"German":null,"French":null,"Japanese":null,"Italian":null,"Polish":null,"Spanish":"Base de Conocimiento","Ukrainian":null},"Tips":null,"ModeratorTips":null,"Available":false,"Flags":["Experiment","Discussion","Volunteer"],"Conflicts":["精选申请"]},{"ID":"5fb55a3930b4ec8bbd260384","Identifier":"生物","Subject":{"Chinese":"生物","English":"Biology","ChineseTraditional":null,"German":null,"French":null,"Japanese":null,"Italian":null,"Polish":null,"Spanish":"Biología","Ukrainian":null},"Tips":null,"ModeratorTips":null,"Available":false,"Flags":["Model"],"Conflicts":[]},{"ID":"5fb55a3930b4ec8bbd260386","Identifier":"物理","Subject":{"Chinese":"物理","English":"Physics","ChineseTraditional":null,"German":null,"French":null,"Japanese":null,"Italian":null,"Polish":null,"Spanish":"Física","Ukrainian":null},"Tips":null,"ModeratorTips":null,"Available":false,"Flags":["Model"],"Conflicts":[]},{"ID":"5fb55a3930b4ec8bbd260388","Identifier":"化学","Subject":{"Chinese":"化学","English":"Chemistry","ChineseTraditional":null,"German":null,"French":null,"Japanese":null,"Italian":null,"Polish":null,"Spanish":"Química","Ukrainian":null},"Tips":null,"ModeratorTips":null,"Available":false,"Flags":["Model"],"Conflicts":[]},{"ID":"5fb55a3930b4ec8bbd26038a","Identifier":"数学","Subject":{"Chinese":"数学","English":"Mathematics","ChineseTraditional":null,"German":null,"French":null,"Japanese":null,"Italian":null,"Polish":null,"Spanish":"Matemáticas","Ukrainian":null},"Tips":null,"ModeratorTips":null,"Available":false,"Flags":["Model"],"Conflicts":[]},{"ID":"5fb55a3930b4ec8bbd26038c","Identifier":"艺术","Subject":{"Chinese":"艺术","English":"Art","ChineseTraditional":null,"German":null,"French":null,"Japanese":null,"Italian":null,"Polish":null,"Spanish":"Arte","Ukrainian":null},"Tips":null,"ModeratorTips":null,"Available":false,"Flags":["Model"],"Conflicts":[]},{"ID":"5fb55a3930b4ec8bbd26038f","Identifier":"社会科学","Subject":{"Chinese":"社会科学","English":"Social Science","ChineseTraditional":null,"German":null,"French":null,"Japanese":null,"Italian":null,"Polish":null,"Spanish":"Ciencia Social","Ukrainian":null},"Tips":null,"ModeratorTips":null,"Available":false,"Flags":["Model"],"Conflicts":[]},{"ID":"5fb55a3930b4ec8bbd260392","Identifier":"流行病学","Subject":{"Chinese":"流行病学","English":"Epidemiology","ChineseTraditional":null,"German":null,"French":null,"Japanese":null,"Italian":null,"Polish":null,"Spanish":"Epidemiología","Ukrainian":null},"Tips":null,"ModeratorTips":null,"Available":false,"Flags":["Model"],"Conflicts":[]},{"ID":"5fb55a3930b4ec8bbd260395","Identifier":"地球科学","Subject":{"Chinese":"地球科学","English":"Earth Science","ChineseTraditional":null,"German":null,"French":null,"Japanese":null,"Italian":null,"Polish":null,"Spanish":"Ciencias de la Tierra","Ukrainian":null},"Tips":null,"ModeratorTips":null,"Available":false,"Flags":["Model"],"Conflicts":[]},{"ID":"5fb55a3930b4ec8bbd260398","Identifier":"交通","Subject":{"Chinese":"交通","English":"Traffic","ChineseTraditional":null,"German":null,"French":null,"Japanese":null,"Italian":null,"Polish":null,"Spanish":"Tráfico","Ukrainian":null},"Tips":null,"ModeratorTips":null,"Available":false,"Flags":["Model"],"Conflicts":[]},{"ID":"5fd832ef1bdeae16c67aedac","Identifier":"指南","Subject":{"Chinese":"指南","English":"Guided","ChineseTraditional":null,"German":null,"French":null,"Japanese":null,"Italian":null,"Polish":null,"Spanish":"Guiado","Ukrainian":null},"Tips":null,"ModeratorTips":null,"Available":false,"Flags":["Hidden","Model","Experiment","Discussion"],"Conflicts":[]},{"ID":"60010f3d32b986d19d5ddb27","Identifier":"网络","Subject":{"Chinese":"网络","English":"Network","ChineseTraditional":null,"German":null,"French":null,"Japanese":null,"Italian":null,"Polish":null,"Spanish":"Red","Ukrainian":null},"Tips":null,"ModeratorTips":null,"Available":false,"Flags":["Model"],"Conflicts":[]},{"ID":"60a1cda7876db01f028ba2a5","Identifier":"投稿","Subject":{"Chinese":"投稿","English":"Submission","ChineseTraditional":null,"German":null,"French":null,"Japanese":null,"Italian":null,"Polish":null,"Spanish":"Sumisión","Ukrainian":null},"Tips":null,"ModeratorTips":null,"Available":false,"Flags":["Experiment","Discussion","Volunteer"],"Conflicts":[]},{"ID":"60a1cda7876db01f028ba2a7","Identifier":"置顶","Subject":{"Chinese":"置顶","English":"Sticky","ChineseTraditional":"置顶","German":null,"French":null,"Japanese":null,"Italian":null,"Polish":null,"Spanish":"Nota","Ukrainian":null},"Tips":null,"ModeratorTips":null,"Available":false,"Flags":["Discussion","Editor"],"Conflicts":[]},{"ID":"60a1cda7876db01f028ba2aa","Identifier":"BUG","Subject":{"Chinese":"BUG","English":"BUG","ChineseTraditional":"BUG","German":null,"French":null,"Japanese":null,"Italian":null,"Polish":null,"Spanish":"ERROR","Ukrainian":null},"Tips":null,"ModeratorTips":null,"Available":false,"Flags":["Discussion"],"Conflicts":["精选申请"]},{"ID":"60a1cda7876db01f028ba2af","Identifier":"交流","Subject":{"Chinese":"综合交流","English":"Discussion","ChineseTraditional":"综合交流","German":null,"French":null,"Japanese":null,"Italian":null,"Polish":null,"Spanish":"Discusión","Ukrainian":null},"Tips":null,"ModeratorTips":null,"Available":false,"Flags":["Discussion"],"Conflicts":[]},{"ID":"60a1cda7876db01f028ba2b1","Identifier":"聊天","Subject":{"Chinese":"聊天室","English":"Chatroom","ChineseTraditional":"聊天室","German":null,"French":null,"Japanese":null,"Italian":null,"Polish":null,"Spanish":"Sala de Chat","Ukrainian":null},"Tips":null,"ModeratorTips":null,"Available":false,"Flags":["Discussion"],"Conflicts":["精选申请"]},{"ID":"60a1cda7876db01f028ba2b6","Identifier":"动画","Subject":{"Chinese":"动画","English":"Animation","ChineseTraditional":null,"German":null,"French":null,"Japanese":null,"Italian":null,"Polish":null,"Spanish":"Animación","Ukrainian":null},"Tips":null,"ModeratorTips":null,"Available":false,"Flags":["Experiment","Discussion"],"Conflicts":[]},{"ID":"60a1cda7876db01f028ba2b9","Identifier":"教学","Subject":{"Chinese":"教学","English":"Curricular","ChineseTraditional":null,"German":null,"French":null,"Japanese":null,"Italian":null,"Polish":null,"Spanish":"Curricular","Ukrainian":null},"Tips":null,"ModeratorTips":null,"Available":false,"Flags":["Experiment","Discussion"],"Conflicts":[]},{"ID":"60a1df4a876db01f028be5ce","Identifier":"禁止改编","Subject":{"Chinese":"禁止改编","English":"No Remixes","ChineseTraditional":"禁止改编","German":null,"French":null,"Japanese":null,"Italian":null,"Polish":null,"Spanish":"Sin Remixes","Ukrainian":null},"Tips":null,"ModeratorTips":null,"Available":false,"Flags":["Model","Experiment","Discussion"],"Conflicts":[]},{"ID":"60da6ad9b84ce77fd0f6b164","Identifier":"模板","Subject":{"Chinese":"模板","English":"Template","ChineseTraditional":null,"German":null,"French":null,"Japanese":null,"Italian":null,"Polish":null,"Spanish":null,"Ukrainian":null},"Tips":null,"ModeratorTips":null,"Available":false,"Flags":["Model"],"Conflicts":[]},{"ID":"60db87b5b84ce77fd0fe1502","Identifier":"海水","Subject":{"Chinese":"海水推荐","English":"Community","ChineseTraditional":null,"German":null,"French":null,"Japanese":null,"Italian":null,"Polish":null,"Spanish":null,"Ukrainian":null},"Tips":null,"ModeratorTips":null,"Available":false,"Flags":["Model"],"Conflicts":[]},{"ID":"61aea0fb32879bc2ec8c8c00","Identifier":"可视化","Subject":{"Chinese":"可视化编程","English":"Block-based","ChineseTraditional":null,"German":null,"French":null,"Japanese":null,"Italian":null,"Polish":null,"Spanish":"Basada en bloques","Ukrainian":null},"Tips":null,"ModeratorTips":null,"Available":false,"Flags":["Hidden","Model","Experiment","Discussion"],"Conflicts":[]},{"ID":"62826970abf44b597a729ab4","Identifier":"算法","Subject":{"Chinese":"算法","English":"Algorithm","ChineseTraditional":null,"German":null,"French":null,"Japanese":null,"Italian":null,"Polish":null,"Spanish":"Algoritmo","Ukrainian":null},"Tips":null,"ModeratorTips":null,"Available":false,"Flags":["Experiment","Discussion"],"Conflicts":[]},{"ID":"62826970abf44b597a729ab6","Identifier":"模拟","Subject":{"Chinese":"模拟","English":"Simulation","ChineseTraditional":null,"German":null,"French":null,"Japanese":null,"Italian":null,"Polish":null,"Spanish":"Simulación","Ukrainian":null},"Tips":null,"ModeratorTips":null,"Available":false,"Flags":["Experiment","Discussion"],"Conflicts":[]},{"ID":"62dc2423e599f27cd84d0466","Identifier":"问与答","Subject":{"Chinese":"问与答","English":"Q&A","ChineseTraditional":"問與答","German":null,"French":null,"Japanese":null,"Italian":null,"Polish":null,"Spanish":null,"Ukrainian":null},"Tips":null,"ModeratorTips":null,"Available":false,"Flags":["Discussion"],"Conflicts":["精选申请"]},{"ID":"631534809abef96e312fdc6c","Identifier":"投票","Subject":{"Chinese":"投票","English":"Vote","ChineseTraditional":"投票","German":null,"French":null,"Japanese":null,"Italian":null,"Polish":null,"Spanish":null,"Ukrainian":null},"Tips":null,"ModeratorTips":null,"Available":false,"Flags":["Discussion","Junior"],"Conflicts":[]},{"ID":"63d08ab4db3343790acb9f90","Identifier":"增强现实","Subject":{"Chinese":"增强现实","English":"AR","ChineseTraditional":null,"German":null,"French":null,"Japanese":null,"Italian":null,"Polish":null,"Spanish":"AR","Ukrainian":null},"Tips":null,"ModeratorTips":null,"Available":false,"Flags":["Model","Experiment","Discussion"],"Conflicts":[]}]